ID,kb1,kb2,kb3,kp1,kp2,kp3,DT1,DT2,DT3
21004,0.00283878141371768,0.0031817514020476,0.00345411203056155,0.00609949230707941,0.00652972788522437,0.0062884846997760795,248.0,137.0,171.0
21007,0.0047741948547726796,0.004313162449527071,0.00391735344919456,0.00464787886204243,0.0025791434630327396,0.0041115275757339,285.0,160.0,154.0
21009,0.0025798538419631897,0.0039581857449461,0.00139823796373248,0.00564852312810691,0.00613682181371017,0.0058338499759590795,313.0,112.0,196.0
21019,0.00332613367438001,0.00287935675821533,0.0021910276789832103,0.00488225270487117,0.00641280596152492,0.00628737884668668,247.0,148.0,137.0
21026,0.0035200059295262,0.00419540112773481,0.00271178687124883,0.00473139665530505,0.005951482535850421,0.00515411296772178,247.0,114.0,189.0
21034,0.00172852735690131,0.00273379596366128,0.00433851136481719,0.0048209476967269,0.005099022316336579,0.004888246249829671,172.0,89.0,163.0
21036,0.00460125765807678,0.0043025126482088795,0.00261242583592722,0.004881843300259379,0.00255066902688823,0.00351344099004287,237.0,259.0,242.0
21040,0.00245716673209755,0.00250572424193648,0.00417511815307747,0.0053594328820420105,0.0069942074307732,0.00779873150924195,201.0,128.0,187.0
21059,0.00264092893435949,0.00358839033549615,0.0036865694904412204,0.00701579415265591,0.00721161454417454,0.00690896924601098,172.0,117.0,194.0
21081,0.00307625059427442,0.00412207201249586,0.00258769293474398,0.00773264467734938,0.00599098967237917,0.00458594594345653,181.0,150.0,189.0
21094,0.0038643172988581604,0.00317420515124362,0.00393054036119988,0.00676703063995013,0.00644070831444156,0.00565286473252551,230.0,184.0,216.0
21103,0.0034407340722554898,0.00471876305920535,0.00296959475516448,0.0052803398129039605,0.0075627295606909995,0.00541082868303824,226.0,110.0,218.0
21107,0.00268699512493258,0.00297518793140035,0.00497985563962834,0.0052104047326303,0.00579127507542492,0.00382847472957886,299.0,48.0,151.0
21113,0.00330407073083072,0.0036702808192121297,0.00291355507912357,0.0063994016693928795,0.00607664018414313,0.00546525211427699,240.0,183.0,188.0
21121,0.00275050618146053,0.00369507554211625,0.0018597058260507399,0.00391100463636148,0.00319796328342643,0.0034436940755355103,218.0,100.0,218.0
21124,0.00306628633432616,0.00253263360222537,0.00435922927870929,0.00553409909671315,0.0060108794457768,0.005596955228085371,217.0,130.0,152.0
21126,0.00330343984051934,0.00353650009390809,0.0023438545767502303,0.00466582637602534,0.00500733431053449,0.00376693248872689,181.0,115.0,246.0
21135,0.00561572039080737,0.00571395882471425,0.0024021035434281,0.00529887177620435,0.0068138585206485,0.00540347973326817,284.0,151.0,130.0
21137,0.00345150897112902,0.00542444760956227,0.0036022942226472897,0.00998855451787432,0.00728501110279477,0.0050708632682158,121.0,119.0,218.0
21141,0.00336169852870182,0.00487594163060515,0.0011982730732084,0.00583372721453536,0.00248197990633082,0.00460644874490054,201.0,101.0,182.0
21158,0.00321623275662123,0.00408078914713019,0.00269172945259188,0.00662873504343723,0.0052847287522706605,0.00538539380166032,213.0,136.0,158.0
21159,0.00319298608499561,0.00348411673342849,0.0038524730487952204,0.00568179723107445,0.0054811868689106395,0.0031347135454275602,133.0,119.0,256.0
21180,0.0036307340275558704,0.00418826616676398,0.0031703400328809803,0.00509514164102069,0.005480198130877621,0.00540633125338649,278.0,83.0,229.0
21183,0.00207427644461411,0.00279942316288569,0.00301849218175814,0.006382922334529311,0.00672388902201017,0.0062939719035395,196.0,109.0,129.0
21191,0.00338609883423749,0.00287482823567705,0.00289405281221801,0.00439773437850087,0.005572703664926621,0.004398765563469621,233.0,161.0,170.0
21193,0.00290634742159364,0.00240143008188873,0.0086126789018892,0.00599196603075178,0.00549715610099948,0.00485458782345972,146.0,72.0,330.0
21200,0.0031269510939193,0.0030689866671190897,0.00331438731502552,0.00634993375799247,0.00685074492453828,0.00662517524491186,254.0,136.0,125.0
21207,0.00279218977966488,0.00354666675536289,0.00296401495310312,0.00478860964954649,0.00693610013317803,0.0040208046715682,157.0,103.0,286.0
21219,0.00250118752049161,0.00277669906204921,0.00591632889462326,0.00537180751872556,0.00580629420083127,0.00504842080618378,138.0,41.0,221.0
21220,0.00261911972687944,0.0032909730796332,0.00317463515561347,0.00637592563777049,0.00596028925717275,0.0057015225144638,183.0,124.0,278.0
21226,0.0037314075758357297,0.00342601942796782,0.0029513849615369803,0.00641402329424597,0.00515262814987287,0.00524034796769977,289.0,121.0,176.0
21243,0.00398937069700186,0.0037146507555942797,0.00360600907511645,0.00664878491309964,0.0058122832831074295,0.00486371704482045,156.0,161.0,182.0
21248,0.0026849736238958,0.00332840209061733,0.00355187664374936,0.0048398238388426,0.00655358164565121,0.0048873988330147295,209.0,161.0,184.0
21256,0.0038941060490766703,0.0033677693146081803,0.00285397480692746,0.00556853773950961,0.00522261770443003,0.0046368817590403295,218.0,199.0,161.0
21274,0.0026918701915463,0.0037275796585866296,0.00286512284376832,0.00733485019259748,0.00790324669829604,0.007213038212206571,180.0,121.0,156.0
21275,0.0033425171407904897,0.0031979028952591397,0.0036124539041376795,0.00607912748421335,0.00806411479551034,0.00573258875971235,160.0,135.0,151.0
21281,0.0031894730938549602,0.00335540374134709,0.00243020019868307,0.00619338270987698,0.00593420224740736,0.00539926113457651,284.0,119.0,126.0
21286,0.00315967479812561,0.0075790589716412,0.00290822664212585,0.0048242779260858105,0.007233100489829991,0.00300430804894207,174.0,114.0,372.0
21290,0.00417417769126259,0.0044614349355343395,0.00405864629636627,0.005955458144214079,0.0028147665713502603,0.0037573572536071897,262.0,134.0,269.0
21294,0.0039035486384508297,0.00339164224789907,0.00315945771035417,0.00678229219357842,0.00658757807202926,0.0054292145430778,167.0,154.0,162.0
21296,0.00386386767534086,0.00456940489164594,0.0021963355550054697,0.00516839627848654,0.0028500418978384397,0.00493661345477126,339.0,114.0,188.0
21314,0.0035728279746367205,0.0036011203259525702,0.00359164630555121,0.00578878563059216,0.00659514296065513,0.005911610257667421,231.0,164.0,177.0
21339,0.00332791160230639,0.00309151894892279,0.00300343404921132,0.00564958761720316,0.005190142894620779,0.005104482820184639,290.0,136.0,175.0
21351,0.00285071389721257,0.00212503886523557,0.00301969139849205,0.005073065105512999,0.0066784549837268,0.0063206616471096,200.0,104.0,149.0
21352,0.00335135249139035,0.0029793480238854,0.00252695280075485,0.00454481068463521,0.00693013917965393,0.00555802001256734,305.0,162.0,186.0
21360,0.0032083933819977103,0.00427474029371559,0.0032481894229346,0.00679547347328254,0.00727063748394873,0.00566563314467339,146.0,119.0,175.0
21385,0.00425503248513007,0.00300011787397555,0.0032411971293929897,0.006264597099775671,0.00655767823314763,0.00493109123614735,209.0,157.0,162.0
21410,0.0036612259519901796,0.00393825642397317,0.00280452160478846,0.00541445727397916,0.00874493754962742,0.00473838213363445,213.0,140.0,214.0
21412,0.00398958780844616,0.0027768370132017603,0.00295437534753068,0.006124196310306029,0.00615063967888186,0.0056339157265320895,245.0,191.0,186.0
21416,0.00258952521727012,0.00503893812705313,0.00486303663814864,0.00871833070778627,0.00872517192382604,0.00843727978581808,166.0,131.0,186.0
21421,0.0031567514012052,0.004359423016326579,0.00332270567465854,0.00665894501705266,0.0088313939872459,0.0060964206218088795,177.0,142.0,118.0
21435,0.00352788882837426,0.00504923663911886,0.00272022683633947,0.007291264488229671,0.00482191403039271,0.0049564074862971,234.0,150.0,214.0
21440,0.00114102326386957,0.00309037243123484,0.00203765758391055,0.00726847561274,0.00522202558797765,0.005206904991360711,153.0,126.0,120.0
21454,0.00310458098098093,0.00350008180504386,0.0024559157992988,0.0039006639859593102,0.0065382245947362,0.00466095864900949,290.0,164.0,172.0
21455,0.00322283295484281,0.0031369772459583396,0.0035491602071382102,0.005763563265813679,0.00656146418386741,0.00522832652420683,185.0,127.0,147.0
21458,0.0039415780077750396,0.00334938294667968,0.0035758540185105705,0.00562282188828363,0.00459937939972721,0.00374032875237661,203.0,125.0,158.0
21462,0.00398715393200121,0.00442706128696161,0.0019643387523213102,0.00395350533161965,0.00623301630402512,0.0031267809382551103,249.0,125.0,138.0
21475,0.00396299626579293,0.00324592963139518,0.00281630721134675,0.004618085364224571,0.00663340765337899,0.0046134857610780795,182.0,130.0,200.0
21500,0.004714677778017829,0.00322791769404893,0.00289614319867194,0.0043047020667121,0.0065032715187216105,0.00445121586145615,151.0,200.0,152.0
21508,0.004188434707128171,0.0074817682841043405,0.00303997867681198,0.00436598418430899,0.008207687846000341,0.00379616785182557,159.0,122.0,211.0
21511,0.00432681543922223,0.00275674774552302,0.00312940629161332,0.007749481441228521,0.0083051403525294,0.00672491958494731,142.0,175.0,123.0
21516,0.00466165989847033,0.00494894145289748,0.00278813599970901,0.00649032538375354,0.0061314439070758,0.00337547924649609,137.0,94.0,238.0
21544,0.00363729362468726,0.0027843078472379397,0.00281398539651209,0.005551689686997229,0.00549429025594902,0.00469350094803298,296.0,101.0,258.0
21545,0.0038346601694178796,0.00328932106505291,0.0026450615290212,0.005689865316254271,0.00484733379336219,0.004332556956212871,170.0,131.0,190.0
31281,0.00472022903812774,0.00314263976140643,0.0030976712538829,0.0043763693690168,0.00463239249613147,0.00326822692805195,134.0,146.0,174.0
31312,0.00348729139337475,0.0026619846167583,0.00334348348860562,0.00485959121746444,0.00570586077787653,0.00306571749383111,204.0,134.0,162.0
31321,0.00348287428510802,0.00319116755410372,0.00295514458726397,0.00553293733849364,0.00483720039671495,0.00392399654640402,165.0,250.0,136.0
31326,0.0037539733827509202,0.00372739521213672,0.0031368726531431,0.0043011777529305606,0.00597680358909558,0.00373599644310181,219.0,113.0,274.0
31339,0.00461317979331458,0.00405300123977012,0.0047415345133580205,0.00544967782947383,0.00632686633281029,0.00340337321390552,172.0,144.0,156.0
31343,0.00374345426407608,0.0030031439102893697,0.00358655719074101,0.00438698368101662,0.00517990593314311,0.0035860811809434704,199.0,225.0,122.0
31364,0.00446067135875288,0.00502082892475242,0.00607880938836435,0.00688189415325803,0.00630786617390025,0.00219909519126105,165.0,175.0,300.0
31374,0.0037421560854318703,0.0027474732328367397,0.0027934157860484803,0.00513525124016698,0.00609888395922097,0.00520180195096023,254.0,182.0,173.0
31380,0.00365268309504957,0.00385868085537789,0.0053582810181157,0.007528493548076821,0.00840903739205817,0.004560916341454071,186.0,174.0,287.0
31392,0.00422059393433772,0.00363027942267904,0.00378782845672793,0.00574047760410926,0.0062549650613848,0.00382504212432765,160.0,129.0,217.0
31438,0.002860016383221,0.00268737229164708,0.004614671421127071,0.005786882199408879,0.006011709041506771,0.00299972056948587,88.0,200.0,105.0
31473,0.00345157069487599,0.00314222936459947,0.0029951768468139,0.00634740798201201,0.00615876727841186,0.0055877848325504,231.0,186.0,148.0
31479,0.00423279875041188,0.00319457321959387,0.004478251762611071,0.00543204719126884,0.0060300502153331,0.00354864923966876,200.0,174.0,277.0
31534,0.00255978327598255,0.00282172527214286,0.00119810634581341,0.0074372905509303405,0.00584945375378793,0.00606512196522299,244.0,177.0,156.0
31575,0.00367302712566727,0.00399483774895202,0.0029231402475731103,0.0063521055775289294,0.005412786951382529,0.00295218856034335,221.0,131.0,183.0
31583,0.00567420773594219,0.004500611855336171,0.00385901029392478,0.006424941631202261,0.00557413910353205,0.0035339038778486897,147.0,188.0,149.0
31600,0.0032065281198298697,0.00395788611880941,0.0040205818095015,0.00671307461822929,0.008318569032951091,0.0074977042898453,183.0,105.0,152.0
31642,0.004514112913453629,0.0029287668241467,0.00250168381413842,0.00427503575482418,0.006968854839708711,0.00480912930530139,284.0,157.0,149.0
31657,0.00380843652106906,0.00318258882072282,0.00353312723972964,0.00472339703544909,0.00613358068423855,0.00351631593163434,215.0,185.0,135.0
31660,0.00412962398252539,0.0026562801268629997,0.00249305746763906,0.00682615436596394,0.007591025459139191,0.0074268919668695295,245.0,125.0,170.0
31697,0.00408049149967063,0.0024434144437293303,0.0033922675276336803,0.00509388525277984,0.00596040581923968,0.0036219912208731797,215.0,137.0,102.0
31706,0.00395478938026901,0.0035100106134355897,0.0030787990113257803,0.00613304029207165,0.00543905644789424,0.004174531269625729,171.0,193.0,150.0
41008,0.00286193483596207,0.0030388756650944803,0.0036897871504360203,0.00577612766362603,0.0083421264033553,0.0084233635567126,249.0,163.0,144.0
41016,0.00450473735521906,0.00355192447258434,0.00522151264905948,0.0041430933622863,0.00738086576198608,0.0026692572874453,211.0,144.0,137.0
41058,0.005223061495448629,0.00530868163539416,0.00392850814824375,0.00478421287526651,0.00498311592605593,0.00294146535534479,250.0,174.0,170.0
41113,0.00296660176743494,0.00397514497511619,0.00401534166326622,0.00818981989537898,0.00779913098584306,0.0068041425723973,193.0,183.0,226.0
41132,0.00338055271743205,0.00336270571078247,0.00318689396658898,0.00591027764406254,0.00550279852678176,0.0044073936312794895,221.0,117.0,190.0
41175,0.00433797058867829,0.00370322108484581,0.00289179453106333,0.00532301320014301,0.00404004717458199,0.00433590955143923,140.0,220.0,138.0
41197,0.0041773134093934395,0.0039592420906205605,0.00244739301025565,0.00688731227599861,0.0060416740140718,0.0060112145941304705,133.0,151.0,139.0
41387,0.0036610213021100397,0.00364235186960246,0.0029303209802265698,0.00586632804860428,0.006050012838032,0.00493179342385844,219.0,129.0,173.0
41414,0.00451038179771885,0.00647535252989965,0.00243806580629108,0.00419390030941519,0.0054593052095544,0.00461084508743493,229.0,138.0,197.0
41451,0.0038751579029976204,0.00337561612907236,0.00332215944653645,0.00653131852845519,0.00707021599874292,0.00504398782688688,201.0,148.0,167.0
41456,0.0034454492398888897,0.00379577907183509,0.00224864752185819,0.00525248476902896,0.0058165476383757,0.00463559673786096,256.0,166.0,185.0
41472,0.00560076163294502,0.0039104551225375,0.0019800563291631603,0.00514652047157359,0.007561709719401859,0.00431160267205911,142.0,179.0,117.0
41481,0.00452661965571526,0.00342592878042983,0.0053101007947465,0.00511390742176646,0.00650442250175863,0.00173837160705706,263.0,122.0,137.0
41488,0.00303923592931386,0.00245040356879703,0.00159159910834912,0.00580078788209587,0.00420705095621091,0.00497245863070015,219.0,133.0,185.0
41501,0.0036454980458111397,0.00334906770205353,0.0031888793261051103,0.0058255143925316395,0.00612158042137734,0.00454972454304031,196.0,153.0,199.0
41513,0.0030273451547530397,0.0043994866425725,0.00180077048220779,0.00968875141563025,0.008806855413928309,0.009490599740176091,115.0,157.0,175.0
41545,0.00352537926781989,0.0035021771476924698,0.00272699017772965,0.006306203375825679,0.0065571596562477704,0.00539866155309172,260.0,125.0,147.0
41550,0.00389582207706186,0.0038569594719124398,0.00256599591832783,0.00489127189579371,0.007556350230258041,0.00554084129480751,253.0,165.0,200.0
41560,0.00431463294606739,0.0044823707451426,0.0027650069704181,0.00612583187038278,0.0031812542719694397,0.0040619304103560894,252.0,140.0,250.0
41605,0.0043066514143628295,0.0040578029839418,0.0027258478083414302,0.00636991407885516,0.0054526516559815896,0.0050206805021320395,193.0,173.0,161.0
41606,0.0037997259545348,0.00425598192268332,0.00274412826059441,0.006089498996222079,0.00420629440816055,0.00432438207260817,156.0,306.0,134.0
41610,0.0047918968689005794,0.00536104557952717,0.0020260120422980602,0.00698940232534161,0.00748303498243523,0.0034487473132288103,246.0,168.0,248.0
41622,0.004907241451545721,0.00331374125593293,0.00215431731855611,0.00526274981624259,0.005329165832389971,0.00493016344916139,219.0,184.0,141.0
41629,0.00366484877129981,0.00347081713587325,0.0037041849658143795,0.00972306966412192,0.00980080002609168,0.00977580143298858,226.0,172.0,205.0
41630,0.00426043520401451,0.00390582352861152,0.00428660541614721,0.00563556495531544,0.0037705484358879103,0.00310229416921052,239.0,153.0,125.0
51180,0.00485105771612791,0.00353656170435224,0.00253952024080403,0.0045019682832967796,0.0035026044006614,0.00435669370148063,200.0,120.0,129.0
51216,0.00326211664477559,0.00314707239764091,0.00351904227557688,0.00717982798858223,0.00672826659459831,0.00651831954726516,137.0,196.0,193.0
51254,0.00395723028071195,0.0043075420520907294,0.00301619949010427,0.004604826029205179,0.00665279549820826,0.00410716989197196,258.0,163.0,257.0
51270,0.0046268258529220604,0.0037315617084536603,0.00273330751595708,0.00618675185087039,0.005924477771440621,0.005514810117742379,275.0,161.0,188.0
51273,0.00303753702057131,0.0021794237474831897,0.0018749822861878602,0.008002621657113,0.007088908492966759,0.006207881062493471,222.0,194.0,128.0
51295,0.005285211900115589,0.0033055325457619802,0.00351502885467236,0.004124755317035329,0.00547105792451972,0.0036201452051838603,256.0,197.0,171.0
51363,0.00465495524208094,0.0046924086874741205,0.0029134806102512,0.00477859960259911,0.00648029384804238,0.0036916143416409397,240.0,170.0,279.0
51379,0.00391374272020573,0.00329410127863167,0.0025171428428408396,0.00483690279541348,0.00636357306196568,0.0042004349366471,208.0,181.0,164.0
51405,0.00408730148806358,0.0027368034256983103,0.00292325004836658,0.00435030363969469,0.00521535899104215,0.00348222549731028,274.0,131.0,162.0
51436,0.0047495991996562795,0.00297303502870553,0.00279924092323258,0.00630110586953858,0.005557790836596999,0.0051666960178290795,226.0,163.0,234.0
51437,0.00445557856895885,0.00244413130966711,0.00342730264625285,0.00549360081663269,0.00627693230949574,0.005017286280430621,196.0,133.0,169.0
51447,0.0045435296636045204,0.00226779631189733,0.00301104908340908,0.00588890872561541,0.00604652958200734,0.0051346354761954,167.0,160.0,164.0
51498,0.00303422382176778,0.00322816977156344,0.00113536253430786,0.00596378051811212,0.00819092265782212,0.00713323383819736,194.0,176.0,161.0
51532,0.00518698260970023,0.00242282234107188,0.00383498625499908,0.00471920610041809,0.0045913856347729294,0.00285156661207613,144.0,156.0,112.0
51562,0.00456826497387445,0.0019456913763264102,0.00278686404130002,0.00758722285575112,0.00770368319525918,0.0074123795991158405,172.0,194.0,161.0
51575,0.00375072416575075,0.00262523085339765,0.00284038999028773,0.008257172384396159,0.0072353868436396,0.005568728985600671,148.0,200.0,261.0
51618,0.0045242457199198,0.00338330401550251,0.00198122222476751,0.004978375934013421,0.00367889147088145,0.004435624816478171,183.0,183.0,145.0
51648,0.005031099053480021,0.00235679859652488,0.00242526450212089,0.004890768928695779,0.00489060500068586,0.00479233414792215,271.0,211.0,164.0
51654,0.00439452583275504,0.0043032762054342295,0.0023992042701450897,0.00516446397038634,0.00632525459010639,0.00402045556326512,264.0,180.0,183.0
51655,0.00493933548875533,0.00291686734999908,0.00303078508161401,0.00377967467578641,0.00425903536630264,0.00308145615734729,263.0,143.0,158.0
51658,0.00428923434857916,0.00448441628501065,0.00245084008782261,0.00381491337776801,0.00675053978175273,0.0052216136254768,269.0,155.0,147.0
51681,0.00406048379314749,0.00326643204553962,0.00302671099619127,0.00607958388935167,0.0066597128794935205,0.00556324286049392,208.0,156.0,176.0
51689,0.00342163719471022,0.0037088024774744703,0.00308959957046295,0.00482021759350429,0.00657549755138239,0.00478602217731939,164.0,173.0,289.0
51690,0.00379095224705202,0.00306517187657315,0.0020423888398103302,0.00471727294859915,0.0056204717055501,0.005386425355234629,229.0,240.0,119.0
51694,0.00510578505146858,0.0023405266538621,0.00226421747249055,0.00591986762896876,0.0059429288203500606,0.00580494456007541,180.0,189.0,200.0
61002,0.00357148111135575,0.00207808147646183,0.0030178910368574303,0.00480345015087355,0.00553589515872648,0.00509266143390522,265.0,124.0,182.0
61013,0.00391792380125223,0.0028277425342039,0.0032927147401008603,0.00867287168481279,0.00857451724365806,0.00834370794798061,167.0,148.0,124.0
61049,0.0037427932715341,0.00366761595402392,0.00308598046193062,0.00598470624349144,0.00614844884936858,0.0049868926437940005,211.0,187.0,178.0
61118,0.0049686930158854,0.00244441452360364,0.0028313658102797,0.007151317149202641,0.00706659356044987,0.0062481194373554105,166.0,195.0,93.0
61119,0.0025849463776397397,0.00354516359767526,0.00328846231221675,0.00590607184918655,0.0067576076608006,0.00688017332855389,236.0,181.0,146.0
61167,0.00390941872071517,0.0035522630994535296,0.00399211381364058,0.00571164389136497,0.00486397153420088,0.0034677405217387602,204.0,192.0,154.0
61178,0.00310381124533613,0.0036680623747254795,0.00306750289056222,0.004675731305812471,0.00569093174889745,0.0038589408514980205,251.0,174.0,232.0
61205,0.00397144878698003,0.0032096205727824,0.0032883104744313,0.00430675693203259,0.0064617532111441,0.00268112241482399,232.0,143.0,116.0
61206,0.0038491375585412296,0.00285066691647467,0.00237619943310786,0.00586346589155574,0.00574928058334826,0.00539093317393036,175.0,269.0,124.0
61211,0.00457292321620623,0.00365275873721995,0.00304978412561932,0.005870695591073971,0.0071903064015381,0.0053841343619067394,221.0,133.0,129.0
61261,0.00378271835577184,0.0031110462542333,0.0032788006224523697,0.0058097696708905395,0.00597400713157014,0.0049015196024856395,201.0,183.0,202.0
61290,0.004794550949406871,0.00278414324069543,0.0027203110475091104,0.0052696238956728295,0.00590015981936968,0.0051663473321526205,206.0,133.0,114.0
61293,0.0035410856873868603,0.0025515464128091103,0.0027344893146275103,0.00550773915275357,0.0056635777245395294,0.00539693534479059,223.0,179.0,136.0
61317,0.0038268066944049,0.00360197201580285,0.00210253290300157,0.00486000476081385,0.00592775134042576,0.00467801489878042,240.0,157.0,207.0
61321,0.00363368993189847,0.00341107023571519,0.0028595995968477,0.0074235411756463,0.00684957589987867,0.00632337824552169,188.0,171.0,158.0
61322,0.0035225106937529296,0.0036461341453938104,0.00233066753686043,0.00523668747807165,0.0073827664818504,0.00570358108310116,234.0,155.0,243.0
61365,0.00306723580096719,0.00236367902578382,0.00291456457927051,0.00558019997373322,0.0057035924286700295,0.0053082413773798895,228.0,130.0,104.0
61367,0.00409696837678094,0.0028548721952774197,0.0025671766031086104,0.00579981759884665,0.005691464679708671,0.00501539027221965,174.0,183.0,102.0
61395,0.0033553346118804102,0.00300971493799497,0.00257690309350297,0.004457036668928421,0.00661007022198106,0.00536510741504241,258.0,180.0,187.0
61480,0.00367666410820931,0.00337930325336318,0.0035221069615198205,0.0055180064318148,0.005143642732644661,0.00469158744342484,190.0,156.0,137.0
61483,0.00378482434093745,0.00397139366645161,0.00184340984738285,0.00400597880330098,0.0046501220687409795,0.004454819118448829,297.0,238.0,96.0
61489,0.00391489870691219,0.00375014607973705,0.0032866752075109,0.0042780307836812,0.00730036900643842,0.00574421472755283,264.0,133.0,151.0
61506,0.0033588742218985,0.00248254450663119,0.00317311723747578,0.00546056961662938,0.0055164796734786,0.00440176508028196,231.0,148.0,83.0
61548,0.0038562358611982897,0.002879914447314,0.0035195638407422704,0.00576411499272363,0.00593477557081712,0.0048386254423626795,194.0,177.0,169.0
61555,0.00373915456330215,0.00312111669107855,0.0035666177921823204,0.00616085108759559,0.00618246952899329,0.005279807575835071,182.0,234.0,211.0
61582,0.00312908823057922,0.0027368507471554103,0.00226196188053965,0.00582630860511891,0.00657540398752221,0.00662068454989855,221.0,149.0,127.0
61595,0.0038409111412769704,0.00274271249753137,0.0035240407250915796,0.00483825095105793,0.006109279635808229,0.0040214534208993895,249.0,129.0,163.0
61596,0.00384060567461086,0.0026296011852624,0.00293300069830917,0.00493420203231016,0.00495770217424177,0.0037754120843878705,269.0,163.0,202.0
61601,0.0037585453007749204,0.00269661498339107,0.00416625703084763,0.0072278200780004,0.00694438365526025,0.00586641100166365,179.0,150.0,171.0
61639,0.0036183625445419796,0.00324667095587406,0.00309313272845829,0.00549814026312665,0.0055080466594161605,0.00447474531649058,234.0,187.0,157.0
61651,0.00347903955855317,0.00173653125535835,0.0049475631154542,0.0066221712210234795,0.00685355729644302,0.0090078068617394,269.0,126.0,171.0
61673,0.00336583559550258,0.0026433566669593,0.00283019280575171,0.00488100032569874,0.006209118331245,0.004652600391888971,250.0,136.0,141.0
61693,0.00488604595727551,0.00326299303658718,0.0028584739906585698,0.00492591529988204,0.0052163119213502205,0.0037654779018101,214.0,145.0,148.0
61697,0.0043017583729484605,0.00309976886217669,0.00363871487609878,0.00545598473476986,0.00577087145098471,0.0046508455017277295,166.0,194.0,159.0
61724,0.00393268602154429,0.00240730051204543,0.00291877436388494,0.00446806424691596,0.00672875332670314,0.0051104842874175,264.0,150.0,165.0
61737,0.0029113436346686603,0.00288543635619077,0.00311595602184188,0.00570000886577966,0.005654560645089761,0.00619003244103086,261.0,146.0,145.0
61745,0.00281882862260563,0.0038718177912503296,0.0026166536956465604,0.0048624224410194795,0.00534991390909272,0.00305015076586492,256.0,198.0,192.0
71156,0.00311644721920521,0.00345477398148185,0.0021113993685471,0.0037586505301845205,0.00589369955569811,0.00491675172550673,259.0,223.0,165.0
71241,0.00416414642809847,0.004000384330854771,0.0038330626942092703,0.00639290401128967,0.009525112879345541,0.00472599282490427,277.0,154.0,240.0
71325,0.0038901704897804797,0.00408205071209895,0.00398564456048328,0.007070698472883559,0.00641747086892687,0.0053845730028353606,218.0,146.0,223.0
71397,0.00369717360788453,0.00581949565294399,0.00436525896076075,0.00670554617438456,0.00488331622908424,0.00420353651577639,152.0,148.0,258.0
71450,0.00494036047451369,0.00472704357650425,0.00217224428493897,0.00660125484456722,0.0108238212234255,0.0046900994819498104,117.0,143.0,167.0
71455,0.00373414677491604,0.00334030820852461,0.00313844909369647,0.00456653647037747,0.00628431415068829,0.0038509599297415604,263.0,131.0,166.0
71549,0.0031641392649392,0.0056487905194588395,0.0010521429779273802,0.00786200607590674,0.007614005050529929,0.00564764358126251,173.0,128.0,202.0
71692,0.00477505949730897,0.00407236668150986,0.00271627924980303,0.00768339975431237,0.00714204175928625,0.00611260052664856,132.0,177.0,145.0
81045,0.00428332679873815,0.00406349029227314,0.0021126227920976602,0.00573415378496976,0.00491774550666493,0.00510869208207757,202.0,304.0,151.0
81053,0.00430896298814125,0.0037878420431958298,0.00260832015878455,0.00549607944721903,0.00520119444151662,0.0044109247707451,222.0,239.0,175.0
81062,0.00424474059786345,0.0040563151560254,0.00414760155056679,0.006480833546743429,0.0054715864011240295,0.0044263420693934795,183.0,203.0,174.0
81063,0.0044094020645019105,0.00337149783970557,0.00280440987498427,0.00710326633936603,0.00656135739359896,0.00600860498191989,171.0,134.0,176.0
81071,0.0031919559877057603,0.00450174357463719,0.00257239664749657,0.0054304385548578395,0.00889775741599209,0.00601972240193725,213.0,153.0,124.0
81074,0.0041750981814884704,0.005417104566498371,0.0028233765406560103,0.00396655582974755,0.004039701706504579,0.00304705292959501,270.0,158.0,244.0
81093,0.00363335908849714,0.0038493240066668297,0.00349520505677727,0.00615143767989951,0.0048593956947472795,0.00366192549106104,200.0,149.0,270.0
81094,0.0029319752428740103,0.00459017075094018,0.0018486946956246,0.0046864957495366,0.00920894627381891,0.00602932026399805,162.0,120.0,135.0
81155,0.00492724314917819,0.0063334519705862,0.00255923716724028,0.00617476789080415,0.00638036010042685,0.00457302207679358,201.0,309.0,212.0
81191,0.004252578180964879,0.00283740431833366,0.00312772687884647,0.00516339061202776,0.00700224113273365,0.00501076715440597,232.0,147.0,192.0
81194,0.00440333418391798,0.0036086767694346296,0.0046161789807363,0.00643437172556785,0.00574047161524494,0.00351579613776684,185.0,169.0,146.0
81224,0.00548200346965578,0.00499922171502632,0.0039072929597942,0.00507081272236855,0.00792765049895821,0.0041598907547178605,181.0,134.0,205.0
81235,0.00335976679639422,0.0042405673231204,0.00405184422071407,0.005624055800064629,0.00907551952254212,0.00643198351673294,229.0,168.0,246.0
81247,0.00462309352998418,0.00321024864551342,0.00302064874733223,0.00710107210237157,0.00662133536019518,0.006039756278491999,161.0,144.0,184.0
81270,0.00204766410530394,0.00274934885742513,0.0036636671828894703,0.00431032247474419,0.00563774286715173,0.0039081743667931605,189.0,78.0,107.0
81320,0.00501614678157615,0.0060511498160549,0.0016647161461251301,0.0068809691378275,0.00573447914636172,0.00447202203887645,165.0,150.0,206.0
81325,0.00464600935053501,0.00406813043477805,0.00359996241496834,0.00570513463089916,0.00566935992086114,0.00391483164917405,136.0,222.0,193.0
81326,0.00446441474447765,0.00326253117356546,0.0022854013535474104,0.007266326422992579,0.00585765289486472,0.00475675071192554,132.0,160.0,194.0
81327,0.00448209614082665,0.00297641625572088,0.0024702971256162103,0.00659962342724064,0.00452216918494318,0.00496477311928793,194.0,96.0,206.0
81348,0.0042683705998187394,0.00419767088340774,0.00249035356799872,0.00405205214720563,0.00796587642682556,0.0053697162442601,256.0,178.0,175.0
81370,0.00334515799552743,0.0037931846280347702,0.0044139742160807394,0.0051369859656796,0.00528320158622527,0.003987091094011529,258.0,131.0,263.0
81382,0.00413580412535891,0.00266883048918322,0.00279218354989078,0.0064525557174380105,0.00655557215557841,0.00582992746128506,230.0,162.0,144.0
81390,0.00493076955268258,0.00314629266795644,0.00290036425328912,0.00419115029728057,0.00442984671377758,0.00342152557248187,247.0,234.0,183.0
81410,0.0028760505094241303,0.004048671966810229,0.00230262647761345,0.00405010762561792,0.00562180432585338,0.00490614499372249,183.0,139.0,136.0
81414,0.0054731334053941295,0.0038609244152493396,0.00243888769504837,0.0064035306787289,0.00643254612792807,0.00455818261243871,158.0,121.0,212.0
81450,0.00430203877419541,0.00297590323457329,0.00299672320157481,0.0064985308429730704,0.0065150473924057,0.00585597439657965,240.0,167.0,185.0
81481,0.0045155517991798105,0.0030210861531816398,0.00326592117459963,0.00610145542867234,0.0062114860109910896,0.0050176802765515,209.0,159.0,162.0
81499,0.003941387919668721,0.0038076357142106,0.0032414087168813398,0.00663358110608069,0.005484665804835229,0.00423025025749962,138.0,205.0,213.0
81521,0.00430496934140161,0.00384108897856795,0.00309271611106261,0.00663952570087996,0.0057238478407399,0.00509944679041474,150.0,186.0,161.0
81535,0.00417532268429622,0.00316713436098472,0.00305008225125943,0.00576988376979504,0.0053179591105742795,0.00469299996582255,225.0,188.0,201.0
81537,0.00488194782124812,0.0034133437188047103,0.00321982779668678,0.00732166685939776,0.0065438213977375,0.00598551137356969,155.0,168.0,178.0
81545,0.0036152947965140602,0.0054195931696484605,0.00110878314973304,0.00816341496785472,0.007961064871254659,0.0055179825027398,205.0,309.0,211.0
81548,0.00501258159361455,0.00262709165086814,0.00267005165558675,0.0054578508492865606,0.00537162816621271,0.005186115927216279,129.0,158.0,152.0
81559,0.00495733792777865,0.0023900014557615198,0.00227582455079001,0.00427011432371694,0.004562453712450821,0.00417860376582773,255.0,238.0,182.0
81602,0.00457304400093949,0.0036711961801025603,0.0018039505964685199,0.00762470559398405,0.00728447226215472,0.007304886989594621,150.0,173.0,175.0
81606,0.00398687355900996,0.00342215634661453,0.0032908408432057897,0.00642798584584429,0.0063090118973479,0.0048224447984188,193.0,199.0,190.0
91021,0.00423501810885749,0.00333387277504097,0.0031206839233075,0.00546511878739934,0.00462652641061959,0.00399973330945413,180.0,157.0,250.0
91097,0.00477559390271203,0.00507669351639815,0.00282008255389592,0.00424777212178614,0.00587539322113615,0.00375338193614815,225.0,310.0,160.0
91106,0.004586922152866621,0.0038816250286895205,0.0025664564279918103,0.00450906055585344,0.00552518535211709,0.00382033730935461,216.0,190.0,291.0
91110,0.00481087898949915,0.00390617643719006,0.00332686469681854,0.00475108024936011,0.004408150917387971,0.0037230140188969398,139.0,265.0,203.0
91118,0.0038087512838491703,0.00351080630137027,0.00339572513135769,0.00553927621918464,0.00509573637134252,0.0039692461248396205,197.0,142.0,182.0
91145,0.00473211055726071,0.00319589376215952,0.0031350341310942,0.00473763625932194,0.0048004596046026604,0.0036110332317225396,253.0,172.0,228.0
91150,0.003983118845853379,0.00416430291397233,0.00285868429139822,0.006368778756336529,0.00612925762814111,0.00488581588630151,230.0,295.0,144.0
91156,0.00500971674409243,0.00675246909253044,0.00397479663563188,0.00561348955550937,0.00683495453361985,0.00364244295146443,206.0,169.0,231.0
91187,0.0043035365865399,0.00389945801668801,0.00259995724047757,0.00632149948614864,0.00521114771979778,0.00501091715442787,156.0,176.0,177.0
91209,0.00420182243970416,0.0025507621722194803,0.00332755629018977,0.00708099369973096,0.00854161575507265,0.00774374229986653,233.0,148.0,189.0
91212,0.00571820988645324,0.00544484013070259,0.00200254334926917,0.00482760534331553,0.0056685531333930395,0.0031856640331415897,210.0,187.0,198.0
91239,0.00219479528540515,0.0032766290219292,0.0037602485659977204,0.00821810934043353,0.00566947017113428,0.00826165382868463,181.0,194.0,151.0
91240,0.0049419630417059605,0.00360591380288406,0.00351607692588691,0.00497190664568168,0.00546947461540236,0.0036449180122880604,230.0,193.0,202.0
91241,0.004098606062592921,0.0029157755777187103,0.0027603137119131603,0.00652693236175873,0.005992090268758,0.00477952308343779,173.0,161.0,167.0
91245,0.00493065475188761,0.00338173566076401,0.00249900213491235,0.00459402347447347,0.00532542257180233,0.00460478617082066,212.0,193.0,163.0
91249,0.00435790327526218,0.0032998308025229198,0.00277396368303448,0.0062316789163889205,0.00448666566090203,0.00435544521838187,208.0,268.0,166.0
91275,0.00367986853755027,0.00454376574055105,0.00429122250297036,0.00709538740312363,0.00570166494193911,0.0042060555403866,158.0,179.0,175.0
91287,0.00434880410270135,0.0034662654845431,0.00394516459222043,0.0053183714542707,0.00535707190425525,0.0031454313622076803,222.0,202.0,169.0
91290,0.00282765092131222,0.00389922165578169,0.00264260734170247,0.007522320097164891,0.008256845559093541,0.00712563647823615,224.0,180.0,222.0
91310,0.00682791250695447,0.0054149871235462605,0.00237059882630817,0.00477449810026173,0.005034628789138029,0.00461369400833162,128.0,193.0,191.0
91313,0.00479254492737224,0.0030897132655716,0.00362496283307003,0.00647169027906094,0.00689740665847356,0.00524308772596175,263.0,194.0,277.0
91319,0.00383264285663989,0.00395162416809181,0.0034386404746229397,0.00639042956864045,0.00525929697080237,0.00448868288626983,183.0,184.0,224.0
91326,0.00387244684346093,0.0027367950455259,0.0029020244564852,0.00535957525452673,0.00610893880677979,0.00530996577556234,165.0,151.0,120.0
91421,0.00442578736280085,0.0032026989008432103,0.00297482057163998,0.006992411078582571,0.00682087321495851,0.00588051467063096,181.0,142.0,165.0
91464,0.00426508113390175,0.00375341341860413,0.0026624893925545103,0.00787893913826138,0.0076103664747615,0.0072287905857434205,197.0,268.0,117.0
101003,0.0033023198826766,0.00504085342918891,0.00420527084610733,0.0088482124756777,0.008097679758749109,0.00679413315115095,202.0,163.0,126.0
101004,0.00316472962209026,0.0039584028712699,0.00291563877379598,0.0067536557594779,0.0065738972757959395,0.00398559450253224,185.0,133.0,268.0
101013,0.00286063394058141,0.00326255920935182,0.0011171426041057199,0.00628574619661641,0.00812541781021024,0.0048719027134526294,196.0,177.0,73.0
101014,0.004229704112187821,0.0031729147716415603,0.00268398661992507,0.00614246112409205,0.0068837814313751,0.00662585778109179,240.0,169.0,107.0
101022,0.004448689081427521,0.00452820484557186,0.00233185706128305,0.00772704954770297,0.00754947833885473,0.0016777692079706,143.0,146.0,135.0
101026,0.00447910709070445,0.00304096565581375,0.00314062457670295,0.005761078492350929,0.00683138702427781,0.00503794693700176,195.0,157.0,136.0
101037,0.00305060905405854,0.00262544529689053,0.00230275587673043,0.0059891583037402,0.007215758123545241,0.00776428332975907,165.0,146.0,133.0
101084,0.0044294263621420206,0.00377514007913488,0.00412249686280999,0.00554289344718915,0.00562482918810902,0.00326300628852608,169.0,188.0,188.0
101092,0.00355590178316749,0.0043882377613678105,0.00212650779948891,0.00971086347394228,0.007191753071894871,0.00310047904156698,112.0,166.0,263.0
101096,0.0036724770078226795,0.00333946725114288,0.00475824097060694,0.00648306245584842,0.00549860915376346,0.00334170149382125,167.0,171.0,211.0
101103,0.0045638098830568605,0.00172724998623595,0.00247651196257489,0.00647243723777869,0.00677573048228165,0.0065727070672804205,207.0,146.0,127.0
101119,0.0035459329173797797,0.00438272894886186,0.00392043846423705,0.00830724526619608,0.00670229181470088,0.0057074164489338795,141.0,171.0,344.0
101131,0.00418441364318015,0.00325563835052943,0.00400985038843084,0.00612908581829814,0.00567830363886931,0.0036172932842715,173.0,220.0,251.0
101143,0.00408213738997938,0.00349246265298152,0.00324828993394133,0.006355923241104879,0.0057800490947463,0.00476258448282212,169.0,190.0,230.0
101149,0.00383980950892865,0.00305184050904424,0.00251935146435837,0.007137259721647409,0.007086783792073521,0.00644232386890149,180.0,156.0,144.0
101162,0.00407074733524355,0.0037542800071149,0.00412236876014036,0.00604557391821168,0.00516149283500425,0.00558858118378097,200.0,166.0,254.0
101213,0.0051770322788687,0.00705193915907336,0.00813456189253663,0.0037077577840616298,0.00671080011887005,0.0036347279291772104,209.0,128.0,238.0
101251,0.00434089353994456,0.00382697307803649,0.0040019868811512205,0.005449524344194071,0.00552770676938395,0.0032115907356699,214.0,167.0,216.0
101265,0.00415569869987903,0.00319065812857591,0.0038646071794697797,0.00625695211437549,0.00604078460476596,0.0049291445126530605,168.0,195.0,241.0
101300,0.0041311818810779105,0.00370376497990701,0.0017477532449155099,0.00583062711188375,0.00606760771122223,0.005723159438212579,223.0,150.0,121.0
101311,0.00454401723244668,0.00327364115121009,0.00209648541782816,0.00904187463297062,0.00561959610673486,0.0066914923833484,116.0,185.0,111.0
101314,0.00436885758888263,0.00418649561632411,0.0024616959906900897,0.00737602903300553,0.00631289899610058,0.00648300514762064,202.0,214.0,155.0
101333,0.0045470252455207605,0.00313291688934116,0.00211799885169267,0.00596371158219685,0.00566150892410241,0.00529840020220964,195.0,170.0,111.0
101335,0.00423698872442707,0.0061984531650768,0.00202819906919813,0.00556274262440619,0.007743908568126841,0.0051481866613876,267.0,120.0,267.0
101343,0.00428661551040489,0.0037263671498974295,0.00147032817305455,0.00852263779322373,0.00781742879106282,0.0041933542244911,174.0,180.0,216.0
101377,0.0037858454836644795,0.00220744612057088,0.004192643649059371,0.00615977380559428,0.008625356788911999,0.0063112471633496895,207.0,134.0,114.0
101385,0.00333387717987149,0.00292443660324048,0.00339120847951827,0.00792505594516347,0.00737723677363737,0.00411925552705294,152.0,205.0,270.0
101394,0.00407358475572334,0.00284725795295227,0.00476228924410431,0.00886023367672823,0.00905936139324668,0.0087140253403484,162.0,173.0,179.0
101396,0.00398460862395801,0.00433911768297759,0.0037921138338877104,0.00636059219128479,0.00604610285769272,0.0039194657979808,171.0,167.0,206.0
101412,0.00411123529558835,0.00274747715102697,0.00318326950069361,0.00577839296305306,0.005949248356936321,0.00699794829283722,238.0,157.0,115.0
101422,0.0038058655039980398,0.0037596616634897797,0.00322629993177699,0.00683404760807105,0.00651378495613602,0.0053100639897297,210.0,177.0,214.0
101425,0.0038564309555977703,0.00354721832821654,0.00339283745538748,0.0060854331691078,0.00507759449294715,0.00407259222777259,249.0,164.0,225.0
101436,0.00291690886187994,0.00300500931894679,0.00169048555210846,0.00580278152406934,0.00689180645873375,0.008314345428303279,196.0,168.0,124.0
101437,0.00445348781618721,0.0036584730367512103,0.00264345198628724,0.00767297451162872,0.00693328112473465,0.0067244464259798,129.0,120.0,131.0
101474,0.00307189167305313,0.0022761073167072397,0.00301705044319007,0.00639786729811528,0.00526995029319855,0.00533832521487737,143.0,158.0,104.0
101506,0.00412752052796906,0.00415877004520728,0.0044365443026204605,0.00601498555612988,0.0036104790874011603,0.00317737548371708,189.0,164.0,152.0
101511,0.00438157691125739,0.00348336922251572,0.00394717875488902,0.0059376270365172,0.00571506200225197,0.00439176243610004,210.0,176.0,199.0
101516,0.00445545525674832,0.0038962073748244103,0.00231637717862471,0.0057071738759823,0.00574877542050674,0.00543618222708537,201.0,200.0,183.0
112115,0.0036312077180176796,0.005685066128364579,0.0,0.007552233304360821,0.00565442162226917,0.0044699127814904,210.0,253.0,231.0
112116,0.00486744798711995,0.003939555784079621,0.00245514917495318,0.00572567965161017,0.00316943037904065,0.00449361903627402,228.0,208.0,145.0
112149,0.00336258964642475,0.0044326652066819,0.00188939784434153,0.00738328301269255,0.0062433910705856,0.0053767795331668795,141.0,155.0,182.0
112166,0.00494757455056807,0.00202122276365646,0.0,0.0069851016472531795,0.0035249759111529995,0.004343107371878929,214.0,91.0,155.0
112168,0.00404000431587057,0.00455437717650931,0.0029056648070832102,0.00667441179372484,0.0027754234452965,0.00437272619391695,139.0,251.0,276.0
112169,0.00278874025295595,0.004237607441232329,0.00189617881553162,0.008898857901310859,0.00536105656660684,0.0061965833219695295,243.0,153.0,274.0
112172,0.0033678753390768,0.0048747251991971205,0.00186525936366434,0.00793473502390576,0.00618123525137065,0.00587613571537316,233.0,236.0,254.0
112178,0.00393111834805558,0.00468839488786641,0.00175806466287767,0.0070753273089563095,0.00408444821807297,0.00370251581277135,156.0,255.0,219.0
112185,0.00305344247529015,0.006408878559367071,0.00103305646017032,0.00801558289453259,0.0073473087459271095,0.007913630069037541,219.0,135.0,200.0
112201,0.00350823108188106,0.00381448411959404,0.00325387169356364,0.0113953445803402,0.00462229065317384,0.00617020321301534,205.0,129.0,236.0
112210,0.0044340207344155,0.00306516806418992,0.00156715364269433,0.00493136577663063,0.00417167423718059,0.0047992430070400395,241.0,254.0,233.0
112211,0.00381695359673341,0.0036635818201765204,0.0038589241476862,0.00653402751898041,0.00518773692856715,0.0035428578818035104,205.0,202.0,277.0
112234,0.0028701281626099897,0.0029638224811424896,0.00045656325613261604,0.0058307321368122,0.00667102995986851,0.00671864798396195,236.0,251.0,197.0
112237,0.00294738160684878,0.0012676143436173,0.00100313040970042,0.00533939521629311,0.00438622830550835,0.00473618567375561,194.0,157.0,126.0
112241,0.0037015324401003602,0.0044238926700208795,0.00155662216286564,0.0061827023085411,0.00534047712023804,0.00596964743221042,253.0,106.0,150.0
112259,0.00430373170341551,0.004294279015264571,0.00243103733206965,0.00574145139668922,0.0029373832143515,0.00415404833796927,225.0,252.0,201.0
112268,0.0024659946261561603,0.0046149195244302105,0.0014207329492308802,0.00516899761574729,0.0113120270841385,0.00602036829601144,219.0,86.0,136.0
112271,0.0038961547158686202,0.00364435104317432,0.00048482510714290596,0.00404317954414772,0.00425238607261494,0.00560253882940315,240.0,121.0,89.0
112276,0.00456101934400464,0.00401111108165227,0.00180220036342036,0.00561904595585287,0.00552257978550125,0.00265219640706143,215.0,244.0,244.0
112290,0.00249840298919255,0.00253768515839219,0.00123512153116499,0.0059128625606323,0.00563559254751915,0.00592587483985422,241.0,237.0,154.0
112291,0.00311486143811059,0.00369904921358295,0.0013754029471416199,0.00595031758982565,0.0073040809276401905,0.0040257201690071,245.0,231.0,187.0
112309,0.00308324322967685,0.0043680711502807395,0.00212262209467666,0.00815776607300781,0.00494601135099541,0.00407592107993411,226.0,94.0,304.0
112312,0.00353137731378295,0.0037542412535648897,0.00127581109232442,0.0076339570245095,0.0126786561240888,0.0048218834713199795,123.0,102.0,246.0
112328,0.0036689530250800704,0.00495353120819003,0.000819443837917899,0.0048658542068435,0.00265535514253127,0.0040131835789088705,226.0,78.0,200.0
112334,0.0050315513332226105,0.00447659100072389,0.0032051422740398397,0.00590538952571346,0.0030054656347891,0.00328611630686068,211.0,278.0,167.0
112340,0.00390270852374965,0.00512463667801268,0.00234830235482265,0.00520889763595709,0.00549604404254884,0.00490499343860056,234.0,258.0,267.0
112346,0.00264954536698834,0.00301831942098463,0.002014777470821,0.00766457870310035,0.00705007920905962,0.00579407757013626,211.0,188.0,245.0
112372,0.0047476042073379895,0.0039168784034272295,0.00200321686523631,0.0047443307092615,0.00406910161990075,0.00423145480902418,259.0,197.0,219.0
112375,0.00381855694812379,0.00475916441086461,0.00174996085952059,0.00661079597488393,0.006246769775256679,0.00523177585245524,233.0,254.0,194.0
112396,0.0043430881151275205,0.00309114188152958,0.00214212430903447,0.00633476923973736,0.00459417351462311,0.00506062627273804,234.0,266.0,140.0
112405,0.0051802756256555,0.00243861080558217,0.00421365362024546,0.00498564601851353,0.00491381002045875,0.0048569042990706,161.0,183.0,233.0
112406,0.00615567628201796,0.00498393553701314,0.00300248067676755,0.0060277070531991606,0.0027721534224749,0.00410053537591535,241.0,241.0,251.0
112436,0.00503072330169039,0.0071628518073192,0.0,0.0059153334863771,0.00308288056808577,0.0023236420861609897,236.0,261.0,141.0
112446,0.0039700440174158,0.00464864609193302,0.00215121417628438,0.00429701447406555,0.00737916525444253,0.00564771446005579,233.0,182.0,175.0
112447,0.0035558497300272897,0.0038606478412352295,0.00320457269079067,0.00618773632511463,0.0048165464069123394,0.00387637530287895,224.0,138.0,295.0
112453,0.00396923568655827,0.00395073140748005,0.00291166533984305,0.00676125349382127,0.00584826464322307,0.0051283461160668,297.0,165.0,282.0
112466,0.003996508441032861,0.0045046118336977,0.00246346496946409,0.00712687630354514,0.00429909979404863,0.00426309982253011,235.0,239.0,235.0
112476,0.00330503455545728,0.00479643635234786,0.0021225208066336103,0.00390970979329083,0.007845371145279929,0.00365467414680135,274.0,133.0,256.0
112477,0.00390193604974641,0.00346358638452888,0.0033824809625307398,0.00882488603149959,0.00564675358419583,0.00662780263147872,227.0,245.0,217.0
112493,0.0038326181151000704,0.00350739280220521,0.00244263530239923,0.00604300717923944,0.00709136572391636,0.00526001143641164,235.0,175.0,195.0
112509,0.0042898302900695896,0.00315903338887283,0.0012698641914095801,0.00701375871371022,0.00503190311423536,0.0064232764027036,236.0,244.0,180.0
112528,0.00369057994486568,0.00434863866751568,0.004244485416034879,0.00696931793819714,0.00607162980817323,0.004129024277828779,222.0,195.0,247.0
112530,0.00460440044559013,0.00719241335292167,0.00226642953114728,0.0064572831321527795,0.00381991948306509,0.00524878417761871,230.0,238.0,217.0
112531,0.0036021582308754796,0.0029241760584692,0.00263763008796981,0.0062892394864537,0.005847070754253329,0.00518971177082295,285.0,160.0,229.0
121038,0.0048567687831532706,0.0032983850526349104,0.00333037260070237,0.00444347549929349,0.004514507189079029,0.00308905625544887,209.0,194.0,244.0
121046,0.00440830693155505,0.00333273057863378,0.00335043281597843,0.00484310807030605,0.00365940366739885,0.0033780398868806,230.0,281.0,223.0
121064,0.00351952442138549,0.0047314498156141105,0.0023374068803428,0.0054586369954324,0.00466359118222667,0.00486769059712762,193.0,276.0,255.0
121082,0.00280690257119003,0.0025412994269110698,0.00467609885906283,0.00596005202559099,0.0103426471329652,0.007310142651455841,128.0,182.0,202.0
121110,0.00365108682842715,0.00313088636680991,0.00402808369584829,0.0087919124997972,0.00710927353503985,0.00745449149747802,253.0,217.0,109.0
121136,0.00348173234418212,0.00214024050532144,0.00466443496912144,0.0048420447519416,0.00623548810592281,0.00433019692703584,254.0,169.0,330.0
121139,0.0042377014899457706,0.00274039140130363,0.00183853641668865,0.0065133936155503,0.00600308230960648,0.00607048035877562,242.0,258.0,189.0
121140,0.00323111026543267,0.0034645650661648897,0.0038916820324446204,0.00591628788955463,0.00541389970200049,0.0047904402822835,254.0,288.0,130.0
121141,0.0036768450923054703,0.0024694014111029602,0.0030828674778849603,0.0044269159032306795,0.00700184164413962,0.00581300220034939,266.0,181.0,277.0
121173,0.00455156489852593,0.00329007473063137,0.0024959096220303397,0.007445587617389741,0.00446462399615811,0.00465011875705555,232.0,286.0,193.0
121175,0.00387772311381198,0.00249168823658448,0.0019049280956826302,0.00507365563505313,0.0067580814957940005,0.00344820100346333,238.0,269.0,174.0
121189,0.0021949844861710102,0.00254690306055665,0.00334702722750854,0.008738731801517591,0.0047416101826063106,0.0104935805877245,225.0,254.0,99.0
121190,0.0031089335983018897,0.0058255878269786,0.00148024107134746,0.009298897573871921,0.00756809503543792,0.00772834045532217,256.0,160.0,149.0
121194,0.00775547476201405,0.00488459919908237,0.00411083861175165,0.00726999717639961,0.0046747474639204,0.00568989494192802,103.0,237.0,167.0
121200,0.00462353914134125,0.00189173265892529,0.00480423041755336,0.00656921082592065,0.00867851114138556,0.007949692907970091,261.0,242.0,233.0
121202,0.0034911820670556603,0.0029469387653271104,0.00375489062361464,0.00682292756448908,0.00703169548276111,0.00547368541867319,134.0,233.0,119.0
121219,0.0022285889638257897,0.0020959521111928,0.00258898119173124,0.00590750566265431,0.003992830537437921,0.0038492496985749205,239.0,221.0,116.0
121245,0.00516580722734459,0.0023517301522731396,0.00325136897873598,0.0070092037633370605,0.00700795163309646,0.0063359288843867,247.0,272.0,114.0
121280,0.00449308598579953,0.00295667552643956,0.0036012637343927102,0.00604476582615149,0.00590308703722724,0.00481665786533359,248.0,215.0,205.0
121285,0.00440200317643508,0.0031635343172547697,0.0024980803214668603,0.00518227470929632,0.005510991958246321,0.00481268052056181,85.0,220.0,149.0
121306,0.00451973404035084,0.0036726580710455896,0.00284562050856727,0.00633234628179495,0.0052171024799016604,0.00524683944317264,215.0,274.0,244.0
121319,0.00329802553603658,0.00308205819310068,0.00497484802250955,0.00673675169920475,0.00789101223525949,0.005504432540015001,253.0,202.0,203.0
121323,0.0015768156039989998,0.003067201454098,0.00185199374389672,0.00684352034095957,0.00490229570162613,0.0049906834146973295,244.0,281.0,125.0
121341,0.0035822425005762296,0.00327268882932681,0.00202209551180341,0.00676568880032359,0.0058341119650534,0.00532900958522175,252.0,224.0,161.0
121347,0.00251495141220634,0.0034501391717145103,0.0029147910362851102,0.00593066057316527,0.00518531254036636,0.00535097968026305,237.0,243.0,219.0
121348,0.00497658918402677,0.0038824194408759,0.0028507299137913397,0.00532345590582053,0.0035734425938169796,0.0036745683188917104,234.0,277.0,253.0
121353,0.00475126220382078,0.0030353419961959604,0.0028600325959259897,0.00441063058747605,0.00444006205344227,0.0034000168777112397,214.0,274.0,257.0
121369,0.0038911072554561202,0.00350907064947322,0.00318445942614916,0.0056246066884403706,0.00547498346279512,0.00464301804215234,252.0,245.0,222.0
121392,0.00397141445843022,0.00306249018195821,0.0017946850929237,0.007120644445900109,0.007456708816275959,0.00589394318548199,270.0,191.0,125.0
121404,0.0030143387150623198,0.00213410045298006,0.00233698450949935,0.008171677035945209,0.00695680762339414,0.005929423065151321,238.0,215.0,254.0
121416,0.00181149926691977,0.00164950502511585,0.00105918741437762,0.00697477820256582,0.00455687215248261,0.00381667027754254,260.0,217.0,131.0
121435,0.0037837168684872703,0.0031716784973141,0.00516549918652931,0.00973129492904315,0.00804687597414026,0.007188131317896641,120.0,279.0,104.0
121438,0.00411122299537059,0.00261966976493325,0.0014044414188557801,0.0143490319130864,0.0073979156611648205,0.0071891667722126205,99.0,245.0,145.0
121461,0.00515153919464294,0.00372958888912965,0.0034703102695151397,0.0044526821901559295,0.0037010787411760897,0.00325184434237981,234.0,232.0,205.0
121470,0.0026830791454633897,0.0038937925425335702,0.00237022895412593,0.00769099071270168,0.00798017722734669,0.00822210128071292,249.0,209.0,160.0
121480,0.00394207796439043,0.00407618771539936,0.0028015427927050897,0.0063970728461745395,0.00555597098896172,0.00506778686128399,250.0,262.0,204.0
121486,0.00464841237716854,0.00368051577153031,0.00195385744998088,0.00559586770492897,0.00885345967234372,0.005249073777720071,249.0,199.0,201.0
121500,0.00373557275906651,0.00328718906186448,0.0020730883307148898,0.00759943627135075,0.00488503662799497,0.0053931092786518,108.0,253.0,138.0
121533,0.00516340624599657,0.00330414792650843,0.00235293618626857,0.00524945322561234,0.00335495238585873,0.00413805481649316,213.0,301.0,250.0
121541,0.00516061748745787,0.00266842797971591,0.0022494428513429397,0.00405421970293945,0.00397596365596708,0.0035443793049020397,254.0,259.0,167.0
131001,0.00430271010443672,0.005043133302738079,0.00348337443894925,0.00533341779136255,0.00583693721245216,0.0033601761682301398,275.0,257.0,206.0
131019,0.00341965566171666,0.00435086179797369,0.00323747864436876,0.00596651320874871,0.00497197398791564,0.00415928508197602,200.0,264.0,194.0
131021,0.0038512174953908205,0.00350143768674133,0.0030965475910892603,0.00644810877402415,0.00804359058781801,0.00590923357257798,207.0,124.0,179.0
131025,0.00394488422254815,0.00350574562103917,0.00225669052204882,0.007939666145275779,0.007164484547560459,0.00706167534560741,261.0,161.0,139.0
131035,0.00283497712352005,0.00344374868787276,0.00259061083271856,0.00663628034717596,0.00667954092576297,0.007235955516599691,280.0,256.0,154.0
131060,0.00363838765756176,0.0045697682368688,0.00544339962618518,0.0066022386385149396,0.00665585477059168,0.00274638337608838,288.0,200.0,145.0
131071,0.0035202719835683103,0.00218218125889812,0.00415052580041599,0.00502835317473424,0.00576838648431708,0.0026047635052450398,254.0,117.0,119.0
131100,0.0043256697389174,0.00376593735170192,0.00204606461085548,0.00622858246892476,0.00481877765594791,0.00553769134327497,233.0,111.0,192.0
131107,0.0041498268789052295,0.00276746565167145,0.00272312967962681,0.00520756252881366,0.00585615505385752,0.004334781802376979,282.0,118.0,217.0
131111,0.00412305057348219,0.00383718732493771,0.004441478870691029,0.00605598467105174,0.00615914531890556,0.00324197275084849,225.0,241.0,241.0
131126,0.00293963395292253,0.00262541158700911,0.00157988985649038,0.00487048980464205,0.00342789831337001,0.00407751683023257,287.0,277.0,210.0
131140,0.00437635411439304,0.00455083882292262,0.0021643309684337697,0.00450996932466821,0.00657896857804228,0.00568407358189964,254.0,268.0,183.0
131147,0.0046796713813889,0.00292205537154978,0.00580097186557764,0.00574110684695956,0.006397808349430521,0.00358958691204086,273.0,128.0,133.0
131153,0.0034932643411634398,0.00271922276199032,0.00026613879298354,0.00497482230979167,0.00485067725430646,0.0072879104380864,263.0,164.0,126.0
131168,0.004070035224190379,0.00493669362793151,0.00275907997139775,0.0037098225290046,0.005697033178719929,0.00489110917992878,275.0,241.0,112.0
131170,0.00420797044800055,0.00270877407467135,0.00376336565107425,0.00663235496283824,0.00647982399977452,0.005572826605085179,307.0,140.0,201.0
131174,0.0039755251069343795,0.00286690783504563,0.00259296679126252,0.00675433523918478,0.00720007576448272,0.007199476620948291,266.0,237.0,178.0
131176,0.00468596104777256,0.0038995499922855796,0.0025288509106804,0.00488799017944298,0.00961143316099392,0.00555310192148679,238.0,192.0,185.0
131197,0.00338814322996315,0.00471553873921595,0.00298968239589147,0.00625846625728474,0.005467758042148579,0.00519637860380102,260.0,256.0,192.0
131198,0.00319619544048116,0.00316058561920083,0.00238566584522372,0.0052139986670345605,0.005358219413268329,0.00487762135136778,262.0,240.0,154.0
131222,0.0038094097045120205,0.004215840268341179,0.0064728775626394,0.0059771045004510795,0.00605433165566501,0.0013921874162119599,267.0,214.0,232.0
131226,0.00480577745837631,0.0029468938615984396,0.00246469251195245,0.0059510930216605,0.0052587231005911,0.00513065828697665,200.0,135.0,113.0
131229,0.00460556259296736,0.00204134897347682,0.0037870362695016603,0.00623140183308382,0.00664120161731267,0.00627506991622324,293.0,176.0,133.0
131236,0.00303805270390169,0.00538768202374299,0.0035547505147401795,0.00920569261658717,0.00763538057929163,0.006677605647312439,102.0,255.0,187.0
131243,0.00534976945094029,0.00231552849871705,0.00324843699085971,0.00766328415180477,0.00568263599758471,0.009450759105802821,140.0,271.0,125.0
131246,0.0035064558862726303,0.00287269597524592,0.00193923892870935,0.008711123580671729,0.0123930215625709,0.00531336599230831,223.0,139.0,181.0
131257,0.00464645581263859,0.00328195516255265,0.0021476432496258103,0.00626149270101141,0.00696642088475387,0.00564032467380878,260.0,124.0,133.0
131270,0.00385089000115615,0.00210461113044927,0.0035050034390404898,0.0072292728712688705,0.006745066198408639,0.007500286554470859,259.0,130.0,138.0
131272,0.0042538107408240395,0.0036629321256062795,0.00221124278295798,0.00528362840616484,0.00672884841022174,0.00527740117295122,273.0,168.0,129.0
131282,0.0043793139317438706,0.00319475879618974,0.00299080808240983,0.00563028823118454,0.00587994975187019,0.00407017212170398,275.0,122.0,115.0
131322,0.00389479173020175,0.00368506855079849,0.00160630633775556,0.00748719507111922,0.00879944884121442,0.00435744062547288,227.0,128.0,209.0
131365,0.00339033133175268,0.00512745307439973,0.0,0.00478123609868398,0.0062893653809005705,0.00440159510368245,188.0,101.0,159.0
131366,0.0042546243208623,0.00369727722865496,0.00246937476023635,0.00653473811507853,0.00574163387230997,0.00576605593149792,239.0,158.0,191.0
131374,0.00315403950527152,0.00332175603214138,0.0026520898423924803,0.00668460083688603,0.00659463753411135,0.00486123559468841,226.0,139.0,108.0
131386,0.00381668662816827,0.005147680103702279,0.00177522579972967,0.006702917812498889,0.00704323309026553,0.00563882613417977,259.0,139.0,213.0
131389,0.00351595716116985,0.0034941141886468,0.003066481319832,0.0049223082816727,0.00603611124278702,0.004766219002871029,262.0,129.0,217.0
131400,0.0037142429094343898,0.00420788505486642,0.00507083904919636,0.00577738139208739,0.00700517758593227,0.0034093033992737103,273.0,117.0,154.0
131406,0.00424273550567215,0.004090026763521571,0.00192382291464547,0.00753737401276092,0.00591586809826759,0.0037967398489580396,185.0,128.0,181.0
131439,0.00400536347203942,0.00345709711488765,0.0030420395247052,0.007229885591409409,0.007211543388703059,0.00475776050515572,214.0,154.0,171.0
131443,0.00305637616608159,0.0029369556878761803,0.00221495393546896,0.006480658050091,0.005287831458459329,0.00744943365607672,273.0,226.0,114.0
131446,0.00398474268397591,0.00475469562420636,0.004150795487428929,0.00709239074066465,0.00572297666206889,0.00462224250793935,169.0,268.0,161.0
131457,0.0035601343097521705,0.0033827292526826197,0.00255981194241213,0.00457456795784802,0.00603657931832737,0.0041687808801643,291.0,146.0,134.0
131493,0.00352930021781484,0.0029669443545323397,0.00280076862738063,0.00655043471911744,0.00700971754639523,0.006804662788594071,262.0,121.0,211.0
131501,0.00418905043996896,0.0036164156107699897,0.0009891789145484119,0.007908707664771971,0.0062198444361666605,0.00915674486377035,178.0,143.0,145.0
131512,0.00349030394014132,0.00402143179170951,0.00268140415595407,0.00659543422044744,0.007244568230551041,0.00616698784795226,271.0,236.0,185.0
131532,0.0036389902496752,0.00398073662167978,0.00220195914231665,0.00747580416052496,0.0062486595617727795,0.00621595807824826,264.0,268.0,133.0
131537,0.0033880824983349,0.0037126299124282704,0.00355480121151849,0.0059592189349258395,0.00571550279053342,0.00482131217405168,233.0,253.0,186.0
141141,0.00465492991596585,0.0022591733138257897,0.00221135612922735,0.0060588501523839,0.0056078138032616895,0.00541483757786335,212.0,292.0,205.0
